{"cameraMode":{"drawMode":0,"name":"Shaded","section":"Shading Mode"},"sceneLighting":true,"audioPlay":false,"sceneViewState":{"showFog":false,"showMaterialUpdate":false,"showSkybox":false,"showFlares":false,"showImageEffects":false,"showParticleSystems":false},"in2DMode":false,"pivot":{"x":5.4699811935424809,"y":2.410876750946045,"z":-22.045955657958986},"rotation":{"x":0.012491783127188683,"y":-0.9834350347518921,"z":0.07322610914707184,"w":0.16783562302589417},"size":1.1877212524414063,"orthographic":false}