{"cameraMode":{"drawMode":0,"name":"Shaded","section":"Shading Mode"},"sceneLighting":true,"audioPlay":false,"sceneViewState":{"showFog":false,"showMaterialUpdate":false,"showSkybox":false,"showFlares":false,"showImageEffects":false,"showParticleSystems":false},"in2DMode":false,"pivot":{"x":380.62957763671877,"y":186.29640197753907,"z":-28.7733154296875},"rotation":{"x":0.0062881214544177059,"y":0.08239980787038803,"z":-0.000519929570145905,"w":0.996579647064209},"size":2299.795166015625,"orthographic":false}