{"cameraMode":{"drawMode":0,"name":"Shaded","section":"Shading Mode"},"sceneLighting":false,"audioPlay":false,"sceneViewState":{"showFog":false,"showMaterialUpdate":false,"showSkybox":false,"showFlares":false,"showImageEffects":false,"showParticleSystems":false},"in2DMode":false,"pivot":{"x":571.4000244140625,"y":316.29998779296877,"z":0.0},"rotation":{"x":0.08922440558671951,"y":-0.017213154584169389,"z":0.002146440092474222,"w":0.9963787794113159},"size":2240.05029296875,"orthographic":false}