{"cameraMode":{"drawMode":0,"name":"Shaded","section":"Shading Mode"},"sceneLighting":true,"audioPlay":false,"sceneViewState":{"showFog":false,"showMaterialUpdate":false,"showSkybox":false,"showFlares":false,"showImageEffects":false,"showParticleSystems":false},"in2DMode":false,"pivot":{"x":488.9227294921875,"y":283.4248046875,"z":247.46441650390626},"rotation":{"x":0.030822331085801126,"y":0.015749679878354074,"z":-0.0006958795711398125,"w":0.9997966885566711},"size":1131.990234375,"orthographic":false}