{"cameraMode":{"drawMode":0,"name":"Shaded","section":"Shading Mode"},"sceneLighting":true,"audioPlay":false,"sceneViewState":{"showFog":false,"showMaterialUpdate":false,"showSkybox":false,"showFlares":false,"showImageEffects":false,"showParticleSystems":false},"in2DMode":false,"pivot":{"x":4.752522945404053,"y":2.1597511768341066,"z":-22.522201538085939},"rotation":{"x":0.07076321542263031,"y":-0.7623940110206604,"z":0.08436772972345352,"w":0.6379546523094177},"size":0.9452444911003113,"orthographic":false}