{"cameraMode":{"drawMode":0,"name":"Shaded","section":"Shading Mode"},"sceneLighting":true,"audioPlay":false,"sceneViewState":{"showFog":false,"showMaterialUpdate":false,"showSkybox":false,"showFlares":false,"showImageEffects":false,"showParticleSystems":false},"in2DMode":false,"pivot":{"x":1329.3963623046875,"y":479.0250244140625,"z":-266.89239501953127},"rotation":{"x":-0.2549532949924469,"y":0.060304056853055957,"z":-0.015933755785226823,"w":-0.9649560451507568},"size":20.56279754638672,"orthographic":false}