{"cameraMode":{"drawMode":0,"name":"Shaded","section":"Shading Mode"},"sceneLighting":false,"audioPlay":false,"sceneViewState":{"showFog":false,"showMaterialUpdate":false,"showSkybox":false,"showFlares":false,"showImageEffects":false,"showParticleSystems":false},"in2DMode":false,"pivot":{"x":0.603730320930481,"y":1.041622281074524,"z":-0.2222081422805786},"rotation":{"x":0.03870635852217674,"y":-0.4837675988674164,"z":-0.021288100630044938,"w":-0.8742786049842835},"size":2.272247791290283,"orthographic":false}