{"cameraMode":{"drawMode":0,"name":"Shaded","section":"Shading Mode"},"sceneLighting":true,"audioPlay":false,"sceneViewState":{"showFog":false,"showMaterialUpdate":false,"showSkybox":false,"showFlares":false,"showImageEffects":false,"showParticleSystems":false},"in2DMode":false,"pivot":{"x":4.956066608428955,"y":-0.29476428031921389,"z":-24.10573387145996},"rotation":{"x":-0.10513634979724884,"y":-0.8896675109863281,"z":0.2570918798446655,"w":-0.3637455105781555},"size":4.390326023101807,"orthographic":false}