{"cameraMode":{"drawMode":0,"name":"Shaded","section":"Shading Mode"},"sceneLighting":true,"audioPlay":false,"sceneViewState":{"showFog":false,"showMaterialUpdate":false,"showSkybox":false,"showFlares":false,"showImageEffects":false,"showParticleSystems":false},"in2DMode":false,"pivot":{"x":-79.75616455078125,"y":360.7115478515625,"z":-300.7208251953125},"rotation":{"x":0.015274979174137116,"y":0.30345025658607485,"z":-0.004197265487164259,"w":0.9532632827758789},"size":965.2158203125,"orthographic":false}