{"cameraMode":{"drawMode":0,"name":"Shaded","section":"Shading Mode"},"sceneLighting":true,"audioPlay":false,"sceneViewState":{"showFog":false,"showMaterialUpdate":false,"showSkybox":false,"showFlares":false,"showImageEffects":false,"showParticleSystems":false},"in2DMode":false,"pivot":{"x":1246.9149169921875,"y":506.88177490234377,"z":-414.2791748046875},"rotation":{"x":-0.1595386564731598,"y":0.15714208781719209,"z":-0.025732705369591714,"w":-0.9742820858955383},"size":468.5078125,"orthographic":false}