{"cameraMode":{"drawMode":0,"name":"Shaded","section":"Shading Mode"},"sceneLighting":true,"audioPlay":false,"sceneViewState":{"showFog":false,"showMaterialUpdate":false,"showSkybox":false,"showFlares":false,"showImageEffects":false,"showParticleSystems":false},"in2DMode":false,"pivot":{"x":2.142388343811035,"y":0.5807654857635498,"z":-23.6208438873291},"rotation":{"x":-0.019696233794093133,"y":-0.8854619264602661,"z":0.46358004212379458,"w":-0.03688665106892586},"size":2.9925122261047365,"orthographic":false}