{"cameraMode":{"drawMode":0,"name":"Shaded","section":"Shading Mode"},"sceneLighting":true,"audioPlay":false,"sceneViewState":{"showFog":false,"showMaterialUpdate":false,"showSkybox":false,"showFlares":false,"showImageEffects":false,"showParticleSystems":false},"in2DMode":false,"pivot":{"x":4.343823432922363,"y":2.41788649559021,"z":-25.66689682006836},"rotation":{"x":0.011148286052048207,"y":0.9207331538200378,"z":-0.025494787842035295,"w":0.3899332284927368},"size":2.243938684463501,"orthographic":false}