{"cameraMode":{"drawMode":0,"name":"Shaded","section":"Shading Mode"},"sceneLighting":true,"audioPlay":false,"sceneViewState":{"showFog":false,"showMaterialUpdate":false,"showSkybox":false,"showFlares":false,"showImageEffects":false,"showParticleSystems":false},"in2DMode":false,"pivot":{"x":10.907540321350098,"y":-0.612879753112793,"z":-23.064159393310548},"rotation":{"x":-0.11156323552131653,"y":-0.66285640001297,"z":0.10069840401411057,"w":-0.7338683009147644},"size":9.851775169372559,"orthographic":false}