{"cameraMode":{"drawMode":0,"name":"Shaded","section":"Shading Mode"},"sceneLighting":true,"audioPlay":false,"sceneViewState":{"showFog":false,"showMaterialUpdate":false,"showSkybox":false,"showFlares":false,"showImageEffects":false,"showParticleSystems":false},"in2DMode":false,"pivot":{"x":457.0344543457031,"y":193.6951141357422,"z":518.204833984375},"rotation":{"x":-0.018308408558368684,"y":-0.005086455959826708,"z":0.0000946557629504241,"w":-0.9998258948326111},"size":1658.810546875,"orthographic":false}