{"cameraMode":{"drawMode":0,"name":"Shaded","section":"Shading Mode"},"sceneLighting":true,"audioPlay":false,"sceneViewState":{"showFog":false,"showMaterialUpdate":false,"showSkybox":false,"showFlares":false,"showImageEffects":false,"showParticleSystems":false},"in2DMode":false,"pivot":{"x":991.2446899414063,"y":-70.07937622070313,"z":104.28128051757813},"rotation":{"x":0.024890484288334848,"y":0.7917230129241943,"z":-0.03232688084244728,"w":0.6095487475395203},"size":762.8441162109375,"orthographic":false}