{"cameraMode":{"drawMode":0,"name":"Shaded","section":"Shading Mode"},"sceneLighting":true,"audioPlay":false,"sceneViewState":{"showFog":false,"showMaterialUpdate":false,"showSkybox":false,"showFlares":false,"showImageEffects":false,"showParticleSystems":false},"in2DMode":false,"pivot":{"x":27.850997924804689,"y":-8.301870346069336,"z":-17.87474822998047},"rotation":{"x":0.1332227885723114,"y":0.6988656520843506,"z":-0.1349927932024002,"w":0.6897077560424805},"size":49.91401672363281,"orthographic":false}