{"cameraMode":{"drawMode":0,"name":"Shaded","section":"Shading Mode"},"sceneLighting":true,"audioPlay":false,"sceneViewState":{"showFog":false,"showMaterialUpdate":false,"showSkybox":false,"showFlares":false,"showImageEffects":false,"showParticleSystems":false},"in2DMode":false,"pivot":{"x":2.0320703983306886,"y":2.4164037704467775,"z":-16.11758041381836},"rotation":{"x":0.17977477610111237,"y":-0.02689184620976448,"z":0.00494014285504818,"w":0.9833508133888245},"size":15.38045597076416,"orthographic":false}