{"cameraMode":{"drawMode":0,"name":"Shaded","section":"Shading Mode"},"sceneLighting":false,"audioPlay":false,"sceneViewState":{"showFog":false,"showMaterialUpdate":false,"showSkybox":false,"showFlares":false,"showImageEffects":false,"showParticleSystems":false},"in2DMode":false,"pivot":{"x":-0.44747984409332278,"y":1.02803373336792,"z":0.667917013168335},"rotation":{"x":0.04040732979774475,"y":-0.19500675797462464,"z":-0.007921597920358181,"w":-0.9801134467124939},"size":2.272247791290283,"orthographic":false}