{"cameraMode":{"drawMode":0,"name":"Shaded","section":"Shading Mode"},"sceneLighting":true,"audioPlay":false,"sceneViewState":{"showFog":false,"showMaterialUpdate":false,"showSkybox":false,"showFlares":false,"showImageEffects":false,"showParticleSystems":false},"in2DMode":false,"pivot":{"x":1324.4219970703125,"y":449.7107849121094,"z":-322.922607421875},"rotation":{"x":0.007882443256676197,"y":-0.9652503132820129,"z":0.2596825063228607,"w":0.029242590069770814},"size":70.58187866210938,"orthographic":false}